{
    "AED": {
        "currency_value": 4.02576,
        "timestamp": 1687096024
    },
    "BDT": {
        "currency_value": 118.428146,
        "timestamp": 1687096263
    },
    "BOB": {
        "currency_value": 7.557923,
        "timestamp": 1687156383
    }
}